Country Name,Country Code,Indicator Name,Indicator Code,1960,1961,1962,1963,1964,1965,1966,1967,1968,1969,1970,1971,1972,1973,1974,1975,1976,1977,1978,1979,1980,1981,1982,1983,1984,1985,1986,1987,1988,1989,1990,1991,1992,1993,1994,1995,1996,1997,1998,1999,2000,2001,2002,2003,2004,2005,2006,2007,2008,2009,2010,2011,2012,2013,2014,2015,2016,2017,2018,2019,2020,2021,2022
Africa Eastern and Southern,AFE,Adjusted savings: energy depletion (% of GNI),NY.ADJ.DNGY.GN.ZS,,,,,,,,,,,,0.402686191,0.408899056,0.401802101,0.60060897,1.189165381,1.370941159,1.416558037,1.27194478,1.228312517,1.2114922,1.750054263,2.116529725,1.451479046,1.456256078,2.551042663,1.561793164,1.433948051,1.472694723,1.962553596,2.157354969,1.431991728,1.872484954,1.693923744,1.49783883,1.772396945,1.835196689,1.71259561,1.045455198,1.335234115,2.753461872,2.676896999,2.646938571,2.099988203,3.353702547,4.446582547,5.143620139,5.949324308,9.234682315,3.845865335,5.061281021,6.45155509,4.984419476,4.391814324,3.369160602,1.486677524,1.400855758,2.051560373,2.699785654,2.147459313,1.206749169,2.054587143,
Africa Eastern and Southern,AFE,Agricultural methane emissions (thousand metric tons of CO2 equivalent),EN.ATM.METH.AG.KT.CE,,,,,,,,,,,,,,,,,,,,,,,,,,,,,,,231650.785,229842.025,233740.56,231611.97,235070.245,239123.0875,239144.5675,241996.79,256235.175,256531.695,254040.2,254639.7275,269242.225,275406.0025,277985.3725,289028.1625,283170.9525,304145.9125,315579.2425,313883.75,326348.8925,329226.6025,333780.0575,332139.08,332206.0375,337558.2,340747.8425,339087.0725,343641.675,354115.085,367893.4025,,
Africa Eastern and Southern,AFE,Energy use (kg of oil equivalent per capita),EG.USE.PCAP.KG.OE,,,,,,,,,,,,780.50854,773.8847059,783.3492641,779.9822573,777.8679554,775.8252098,766.1183418,770.2589096,766.995791,775.8175262,795.1449078,809.4975566,803.6015464,823.3921205,811.5417549,817.2567566,819.50697,824.5137853,791.2876564,770.0371954,773.3264169,732.6675014,742.8135585,743.1318435,751.6625831,750.55048,750.5874039,739.749343,740.7551886,727.1055914,732.364434,720.0369481,733.7822339,751.434195,742.7871137,736.8856407,749.8769833,773.6424968,759.7394135,749.1356994,743.4141883,722.2504827,719.0057426,734.2182972,,,,,,,,
Africa Eastern and Southern,AFE,GDP per capita (current US$),NY.GDP.PCAP.CD,141.3859554,144.3424344,148.7748351,157.0475799,166.8497906,177.7690856,186.6304863,199.5598353,210.0780972,229.7110262,243.1582633,258.7005229,270.7611721,345.5734583,412.830995,426.3009363,414.4697559,447.9277852,485.6663822,560.1757495,720.7715065,729.9124324,668.7976869,692.732222,625.4666363,506.8166771,555.6113256,655.8911882,702.3200606,725.8696746,821.8173043,865.2555046,734.7382925,710.1764209,700.1892364,766.165631,741.0562631,762.8943484,700.2246959,673.5209935,710.665706,631.5956953,631.9282817,818.1219214,991.192169,1126.375948,1232.423412,1376.638778,1435.808451,1420.293773,1656.366272,1806.768778,1773.651568,1736.849038,1725.332959,1554.167299,1444.003514,1625.286236,1558.307482,1507.982881,1355.805923,1545.613215,1644.062829
Africa Eastern and Southern,AFE,GDP per unit of energy use (constant 2017 PPP $ per kg of oil equivalent),EG.GDP.PUSE.KO.PP.KD,,,,,,,,,,,,,,,,,,,,,,,,,,,,,,,4.58758156,4.443166742,4.44622008,4.235003266,4.196225859,4.196583969,4.328534586,4.411398646,4.434038315,4.431786677,4.554737939,4.574582989,4.728509665,4.66659761,4.698275367,4.932109403,5.166783726,5.280059298,5.198051581,5.178696408,5.386113376,5.489815931,5.496161753,5.601743929,5.670824183,,,,,,,,
Africa Eastern and Southern,AFE,"Industrial design applications, resident, by count",IP.IDS.RSCT,,,,,,,,,,,,,,,,,,,,,,,,,,,,,,,,,,,,,,,,,,,,,,,,,,,,,,,,,,,,,,,
Africa Eastern and Southern,AFE,"Manufacturing, value added (current LCU)",NV.IND.MANF.CN,,,,,,,,,,,,,,,,,,,,,,,,,,,,,,,,,,,,,,,,,,,,,,,,,,,,,,,,,,,,,,,
Africa Eastern and Southern,AFE,Population density (people per sq. km of land area),EN.POP.DNST,,9.20757746,9.459186771,9.719621667,9.992443183,10.2763072,10.56544235,10.86449776,11.17756787,11.50155326,11.83642399,12.18143869,12.53115335,12.89505031,13.28013464,13.67620258,14.0823598,14.48850858,14.92500863,15.39404106,15.85053691,16.32883701,16.84005406,17.34741135,17.85726705,18.3876802,18.9434044,19.52360614,20.09353571,20.66517422,21.2667401,21.86059476,22.43633336,23.03280921,23.63625834,24.25720814,24.91047846,25.55326449,26.19584067,26.86636577,27.56047962,28.27428518,29.01128214,29.77072913,30.24971329,31.05614843,31.89546439,32.77156418,33.67805177,34.60605694,35.55880606,36.53185151,37.21963958,38.25452,39.31620331,40.41792755,41.52057076,42.62325498,43.7690819,44.94692958,46.15081314,47.35418253,
Africa Eastern and Southern,AFE,Total natural resources rents (% of GDP),NY.GDP.TOTL.RT.ZS,,,,,,,,,,,4.223712593,3.608902963,3.394820858,4.666109926,5.461947426,4.952515955,5.387625532,5.93012435,5.177873522,7.345444192,11.61489852,9.261656897,9.418103473,8.020335479,6.124977671,8.704305512,7.518211461,7.085322872,7.933765285,7.928799983,7.263345714,5.708788655,6.760360112,6.279678446,6.866790635,7.300457884,7.732086084,6.729457118,6.046712408,4.947956762,6.795001533,7.136247441,7.700903189,7.146072105,8.033462679,9.195832592,10.38589086,12.46611148,18.24505916,9.887743517,11.62869517,13.53736138,11.18800687,10.60027318,9.017722608,6.380926635,6.827903994,7.326760719,7.316066196,6.568280999,6.029217815,10.05479538,
Africa Eastern and Southern,AFE,Urban population (% of total population),SP.URB.TOTL.IN.ZS,14.56381043,14.81140998,15.06924899,15.3479756,15.64019479,15.94128248,16.25517674,16.57431036,16.89960822,17.23451811,17.5519668,17.87532103,18.2205349,18.56234199,18.87889878,19.2012052,19.52412472,19.86043758,20.21509625,20.55502211,20.87611235,21.16569006,21.44510584,21.78710683,22.1925357,22.6451052,23.14812802,23.65964923,24.17354935,24.68285012,25.20279853,25.64514605,26.0738739,26.50982315,26.94870886,27.33528819,27.62489733,27.91107222,28.20337531,28.48986785,28.77277994,29.07159081,29.38619028,29.69841935,30.0141481,30.34986851,30.67606551,30.93476639,31.3432413,31.7575262,32.18129099,32.61769197,33.0404736,33.47621168,33.93696263,34.42558369,34.89475257,35.35890068,35.84759778,36.33625937,36.82830237,37.32369884,37.82515808
Arab World,ARB,Adjusted savings: energy depletion (% of GNI),NY.ADJ.DNGY.GN.ZS,,,,,,,,,,,5.805096807,5.530331879,7.609650525,10.44434006,22.93142257,15.78878365,17.58992043,17.37320748,15.0706773,32.16265357,26.68750479,19.52954087,10.87571941,9.418656958,9.289026851,8.033740197,5.156577549,6.552236201,5.369736079,7.32384966,7.352841772,7.279738989,8.018436523,7.754333418,6.918113049,7.021376331,8.637520087,7.305258423,5.10698036,6.591799082,9.086265681,7.28728919,7.092630101,8.351742698,9.799932597,11.7710101,11.89533412,10.80197216,12.40172815,7.687430332,8.998615017,12.41544407,12.03727091,11.04999834,9.932840681,6.043249627,5.142073875,6.099420924,8.109016036,7.081533636,4.439487591,,
Arab World,ARB,Agricultural methane emissions (thousand metric tons of CO2 equivalent),EN.ATM.METH.AG.KT.CE,,,,,,,,,,,,,,,,,,,,,,,,,,,,,,,83376.24125,81818.56761,84015.58747,87360.56268,90732.05263,92201.70681,94694.64363,97989.89715,100208.9168,103590.3665,106865.965,104263.8852,107638.4924,109553.357,112099.8332,115079.5572,114425.5387,116908.1225,115964.0147,115806.1067,114038.7397,116826.3601,121455.8375,121838.8525,122583.9325,121411.1975,121858.6125,120897.75,119201.095,118810.705,120073.1425,,
Arab World,ARB,Energy use (kg of oil equivalent per capita),EG.USE.PCAP.KG.OE,,,,,,,,,,,,421.6647848,425.484106,455.0710638,470.7514172,493.0820876,529.8900572,562.8388194,627.1376395,726.8715482,788.5661321,877.8071677,947.0804775,989.3643884,982.0833112,1007.666584,1023.652329,1076.38101,1137.585963,1164.277769,1073.389968,1090.521049,1174.150703,1221.60465,1260.837313,1261.019505,1281.786723,1299.865864,1288.586388,1272.81355,1272.863357,1337.705352,1373.016368,1364.85886,1413.727791,1467.576877,1531.096626,1557.63403,1635.939079,1677.457251,1735.212837,1703.940997,1802.870054,1759.610567,1916.305778,,,,,,,,
Arab World,ARB,GDP per capita (current US$),NY.GDP.PCAP.CD,,,,,,,,,303.3184153,321.2608791,353.0987014,396.7319335,459.8065007,566.8916285,1046.223929,1120.377671,1346.545593,1501.66163,1610.275413,2109.239238,2772.22853,2773.208385,2517.120996,2295.291541,2264.594877,2164.531072,2038.03432,2142.975621,2012.72198,2104.344664,2882.533783,2082.360306,2051.920611,2054.965224,2130.999549,2208.126608,2348.38534,2470.920532,2367.094571,2557.570775,2858.484294,2736.600319,2694.219561,2916.795659,3394.097292,4070.894775,4704.005067,5329.579921,6531.525137,5587.915661,6437.734497,6894.816127,7368.698896,7352.085717,7306.051166,6287.314935,6117.871507,6230.762079,6579.417104,6504.789633,5644.14257,6419.161029,7625.252464
Arab World,ARB,GDP per unit of energy use (constant 2017 PPP $ per kg of oil equivalent),EG.GDP.PUSE.KO.PP.KD,,,,,,,,,,,,,,,,,,,,,,,,,,,,,,,10.19774238,9.829986558,9.350767488,8.910634956,8.6659903,8.72510898,8.796464559,8.898914802,9.292459578,9.375889989,9.576955707,9.06604932,8.689677501,8.986083507,9.170203304,9.15591738,9.043896416,9.046064296,8.866064678,8.424727251,8.287730717,8.492912517,8.175510426,8.395954177,8.226929888,,,,,,,,
Arab World,ARB,"Industrial design applications, resident, by count",IP.IDS.RSCT,,,,,,,,,,,,,,,,,,,,,,,,,,,,,,,,,,,,,,,,,,,,,,,,,,,,,,,,,,,,,,,
Arab World,ARB,"Manufacturing, value added (current LCU)",NV.IND.MANF.CN,,,,,,,,,,,,,,,,,,,,,,,,,,,,,,,,,,,,,,,,,,,,,,,,,,,,,,,,,,,,,,,
Arab World,ARB,Population density (people per sq. km of land area),EN.POP.DNST,,7.035278458,7.219559693,7.412325622,7.612602653,7.820187796,8.03694889,8.265082393,8.50237032,8.747184117,8.997981038,9.255425083,9.52180337,9.799496981,10.09244053,10.41452043,10.78621041,11.16420215,11.51546155,11.90283836,12.32107443,12.71864857,13.12045651,13.54323729,13.97078495,14.39651752,14.83435604,15.27351771,15.68206874,16.0910118,16.59808281,16.9590847,17.38232622,17.85221921,18.3372486,18.79327376,19.24513036,19.70100866,20.1577909,20.61873553,21.09006628,21.56366513,22.04166851,22.52350552,23.01403788,23.55101335,24.1492577,24.79538717,25.4662963,26.14147446,26.77877881,27.36099428,29.03505953,29.70324997,30.37458933,31.02943629,31.684061,32.33951901,33.01742311,33.69842802,34.29079926,34.84742727,
Arab World,ARB,Total natural resources rents (% of GDP),NY.GDP.TOTL.RT.ZS,,,,,,,,,,,13.39713015,13.34376664,16.03178208,20.93747551,48.02184952,38.95891961,38.88465274,37.16295849,33.52500877,58.30165256,50.96803749,39.05406049,25.95827871,25.35303323,25.00743187,21.88871501,14.05137693,17.06514118,17.06556187,23.000055,23.05507999,18.47340474,20.17108259,19.72872552,18.8179985,18.50681758,21.21303296,18.81227307,13.14897918,16.92585319,26.0624246,21.39903228,20.59596895,22.94810077,27.02965321,32.35741546,33.03105091,30.7446703,34.74512202,22.58321329,25.77043606,34.75414665,34.18220801,31.56748156,28.15671336,16.90382788,14.21302092,17.71349795,23.09667202,20.36024518,13.55017965,20.24534189,
Arab World,ARB,Urban population (% of total population),SP.URB.TOTL.IN.ZS,31.02216188,31.75467745,32.49483178,33.26149267,34.0537932,34.8829851,35.67325391,36.35762813,37.05704886,37.76711288,38.48154839,39.1690007,39.87109149,40.5662377,41.1977299,41.79875089,42.44446574,43.0660749,43.54181167,43.97176719,44.48379226,45.03432183,45.57116622,46.13877694,46.77646698,47.38966239,48.00531931,48.57516774,49.09980192,49.59508467,50.07441208,50.47117522,51.01902671,51.43480893,51.70241417,51.89850358,52.09192389,52.31617472,52.56200104,52.81052593,53.05599738,53.31180115,53.56643276,53.83016211,54.09552247,54.43522307,54.83430038,55.11966826,55.55929239,55.99675694,56.38041756,56.63799513,56.86422135,57.17797382,57.50726083,57.84615313,58.12325538,58.37128997,58.62957616,58.88381697,59.08761901,59.29488647,59.55747065
East Asia & Pacific,EAS,Adjusted savings: energy depletion (% of GNI),NY.ADJ.DNGY.GN.ZS,,,,,,,,,,,0.012267212,0.023914947,0.048567258,0.126098785,0.874207264,1.160795133,1.314252238,1.35171702,1.315983925,2.629590928,2.91308912,2.349378002,1.771796406,1.567870526,1.442522598,1.338507348,0.541717513,0.608898871,0.444696321,0.672976743,0.821228921,0.461947591,0.448800647,0.41163762,0.291772926,0.303773559,0.388570051,0.36719046,0.222575322,0.310572105,0.582137,0.5386148,0.486927249,0.519674116,0.903858957,1.087070852,1.169838113,1.161083636,1.924435777,0.875716748,1.257420628,1.668311206,1.169450136,0.976011605,0.872353798,0.487610097,0.398555807,0.491679706,0.631538829,0.531516599,0.350008421,0.676899723,
East Asia & Pacific,EAS,Agricultural methane emissions (thousand metric tons of CO2 equivalent),EN.ATM.METH.AG.KT.CE,,,,,,,,,,,,,,,,,,,,,,,,,,,,,,,769176.505,774013.115,779819.7425,778624.42,792889.915,819286.8325,836962.4775,798748.88,811875.85,847041.7,852565.26,849021.9625,832559.045,789346.0075,825048.5225,812762.605,837109.4475,830213.3725,820878.185,828371.94,815227.7575,860642.46,861523.3675,817778.2675,826611.96,823938.3275,809124.265,832919.9175,832343.1125,799433.5625,794358.5875,,
East Asia & Pacific,EAS,Energy use (kg of oil equivalent per capita),EG.USE.PCAP.KG.OE,,,,,,,,,,,,658.4144472,678.9384887,711.2786887,711.6634777,725.5495843,747.9228093,784.4321047,816.4473031,834.5194447,823.4851327,805.8006865,812.0444352,821.2617285,856.6584044,862.8218881,880.7408372,901.5939791,939.1091324,957.0246387,1015.93618,1005.564396,1028.152818,1066.186721,1100.237648,1145.413816,1171.878304,1179.999111,1159.093813,1180.974967,1214.826316,1230.403611,1274.554259,1362.546497,1475.585559,1549.834582,1627.605855,1702.231296,1725.584627,1777.765797,1920.142698,1977.308953,2015.060211,2054.578318,2124.827895,,,,,,,,
East Asia & Pacific,EAS,GDP per capita (current US$),NY.GDP.PCAP.CD,148.1128492,148.4183688,149.4371902,162.6975481,182.354077,198.3316968,216.0586664,228.6699576,245.9511667,276.0790779,320.8818742,346.9501402,420.8266847,542.5374058,612.0530002,657.6512242,711.38035,834.868582,1084.975822,1166.675779,1256.776368,1343.433742,1286.623424,1342.185285,1399.297933,1420.47601,1829.176106,2144.754888,2554.393265,2623.915762,2653.728563,2950.711228,3200.568861,3587.955564,3861.411229,4331.873951,4124.921264,3897.682578,3450.849038,3816.42507,4090.205734,3769.366034,3796.963533,4142.70425,4610.316676,4882.171443,5136.277377,5697.906607,6523.257863,6664.918385,7726.909712,8893.522785,9436.836164,9468.669123,9695.923458,9586.061906,9856.581539,10454.52433,11312.90436,11484.41727,11487.31134,13138.72467,12930.69168
East Asia & Pacific,EAS,GDP per unit of energy use (constant 2017 PPP $ per kg of oil equivalent),EG.GDP.PUSE.KO.PP.KD,,,,,,,,,,,,,,,,,,,,,,,,,,,,,,,5.189238512,5.445310694,5.511427331,5.506132965,5.58319196,5.604391979,5.740443809,5.882761056,5.90901243,5.977210563,6.090082944,6.178917269,6.202333742,6.0697193,5.90821492,5.941082798,6.008609999,6.156305771,6.334963891,6.303837951,6.257002817,6.379546394,6.556946536,6.728450402,6.925022224,,,,,,,,
East Asia & Pacific,EAS,"Industrial design applications, resident, by count",IP.IDS.RSCT,,,,,,,,,,,,,,,,,,,,,54989.0,58555.0,58521.0,56537.0,53622.0,54376.0,52218.0,53670.0,51863.0,49148.0,46066.0,44025.0,45487.0,48420.0,50631.0,54176.0,60884.0,66712.0,94333.0,108326.0,120354.0,134549.0,151147.0,165722.0,189009.0,242357.0,282087.0,348222.0,394926.0,436651.0,503920.0,600405.0,743004.0,751368.0,650988.0,656558.0,734679.0,710436.0,788470.0,791562.0,853990.0,,
East Asia & Pacific,EAS,"Manufacturing, value added (current LCU)",NV.IND.MANF.CN,,,,,,,,,,,,,,,,,,,,,,,,,,,,,,,,,,,,,,,,,,,,,,,,,,,,,,,,,,,,,,,
East Asia & Pacific,EAS,Population density (people per sq. km of land area),EN.POP.DNST,,42.84295231,43.43309357,44.49058405,45.53256679,46.6027264,47.80376162,48.96539834,50.18233582,51.48081483,52.81532338,54.21891139,55.50945144,56.75943225,57.94882361,59.02415121,60.013782,60.95137683,61.8985281,62.85994145,63.79841194,64.76740162,65.8286939,66.88667187,67.89604872,68.92154535,70.00118947,71.14179525,72.29483302,73.42631414,74.5368897,75.61176034,76.63036607,77.61992011,78.6020117,79.55855152,80.50785538,81.4393782,82.33757731,83.17021581,83.77918105,84.5299936,85.24505098,85.90187568,86.55905775,87.19814236,87.83660207,88.48104016,89.12495362,89.7485609,90.36151648,91.00710876,91.73363157,92.4505195,93.14241874,93.80767555,94.43404592,95.10488534,95.68732189,96.19673959,96.60771087,96.80386956,
East Asia & Pacific,EAS,Total natural resources rents (% of GDP),NY.GDP.TOTL.RT.ZS,,,,,,,,,,,0.886807811,0.871155269,0.954091832,1.531127016,2.686323898,3.089887123,3.366383625,3.334483976,2.974724808,4.976263867,5.767578162,4.644111618,4.025041978,3.417556608,2.899472918,2.721351512,1.391872407,1.441592395,1.364286868,1.572356786,1.700753293,1.159158569,1.118867622,0.981404073,0.770600757,0.823191694,0.926137172,0.866365857,0.728918705,0.728817167,1.082641645,1.104905306,0.994078272,1.075269662,1.801032355,2.200142197,2.622436275,3.238534308,4.846178925,2.325392879,3.610112852,4.511473136,2.742245298,2.360415034,2.018487427,1.191243935,1.078532339,1.353472416,1.502214858,1.380039214,1.077340125,2.172128672,
East Asia & Pacific,EAS,Urban population (% of total population),SP.URB.TOTL.IN.ZS,22.62760724,23.21231882,23.73912101,24.20353779,24.67861676,24.67924169,24.67869979,24.72855411,24.7984771,24.87410927,24.95306504,25.06960588,25.17101516,25.35208787,25.61079927,25.74440963,25.93731639,26.12495514,26.5153176,27.1238742,27.75934314,28.42422742,29.08830175,29.66215661,30.25183983,30.84472634,31.44982445,32.06881438,32.694167,33.33210721,33.98030553,34.6738391,35.37577708,36.09075004,36.82255588,37.56785193,38.32656018,39.08329503,39.85384175,40.63312766,41.44054203,42.43251637,43.51580258,44.59963672,45.68643389,46.76935438,47.82140666,48.85862005,49.89838162,50.92858191,51.95408564,52.88246847,53.77599446,54.66374666,55.55231434,56.43863813,57.322206,58.19723907,59.05470367,59.89091781,60.69866292,61.47312457,62.23543188
Europe & Central Asia,ECS,Adjusted savings: energy depletion (% of GNI),NY.ADJ.DNGY.GN.ZS,,,,,,,,,,,0.051797742,0.064470051,0.063266081,0.056054951,0.157084977,0.272446734,0.309335577,0.31418739,0.280034288,0.492379225,0.586983745,0.621955045,0.498100818,0.603255368,0.659947502,0.666729763,0.240429796,0.246634658,0.437586163,0.645461693,0.708629217,0.344866121,0.294416332,0.351183658,0.305479622,0.343891843,0.437368618,0.385766857,0.100893002,0.267220799,0.713655838,0.685342716,0.624089241,0.613752869,0.698067444,0.881813406,1.021612535,0.933900238,1.348691056,0.836499667,0.906431585,1.293944136,1.270829696,1.143231756,0.987121043,0.559527935,0.414682941,0.589290274,0.898310291,0.7673889,0.382505574,1.00576593,
Europe & Central Asia,ECS,Agricultural methane emissions (thousand metric tons of CO2 equivalent),EN.ATM.METH.AG.KT.CE,,,,,,,,,,,,,,,,,,,,,,,,,,,,,,,661606.5275,641880.76,597623.75,575292.785,558980.3075,531818.565,512285.3275,489577.6375,470321.265,456065.9125,449426.895,437888.02,438698.03,433854.0625,422991.64,416578.375,413815.41,412726.645,413497.9875,407604.2225,407808.8125,400969.355,404431.765,404908.925,410259.6575,411380.44,411142.08,412988.4125,410077.9925,409912.89,408879.1225,,
Europe & Central Asia,ECS,Energy use (kg of oil equivalent per capita),EG.USE.PCAP.KG.OE,,,,,,,,,,,,,,,,,,,,,,,,,,,,,,,3761.240567,3724.709598,3505.09994,3381.356297,3194.338208,3211.355822,3248.443814,3182.913889,3174.398499,3169.607286,3192.923887,3240.006668,3242.92429,3327.258575,3356.123088,3355.622711,3398.779882,3372.03431,3377.432025,3154.770132,3304.398799,3274.977704,3270.536111,3218.920633,3160.617389,,,,,,,,
Europe & Central Asia,ECS,GDP per capita (current US$),NY.GDP.PCAP.CD,,,,,,,1036.588546,1105.763551,1146.219123,1256.812087,1381.37018,1544.667293,1836.236875,2314.030938,2594.475178,3011.716853,3106.713623,3496.473678,4239.617673,5150.461493,5793.720369,5123.114905,4907.102463,4733.518534,4522.094543,4651.534229,6309.473386,7747.37868,8567.204252,8628.32035,10503.67678,10786.77972,11524.27236,10557.74316,11010.46357,12689.99175,12926.91247,12239.03584,12539.17404,12387.81599,11666.7625,11770.0946,12864.99675,15598.21344,18127.11536,19224.01045,20748.23554,24164.77255,26486.3676,23197.37733,23635.81009,26146.8901,25096.86442,26100.94614,26348.26949,22588.58857,22411.24208,23688.05766,25276.81944,24892.39355,24021.79603,27420.81343,27536.81293
Europe & Central Asia,ECS,GDP per unit of energy use (constant 2017 PPP $ per kg of oil equivalent),EG.GDP.PUSE.KO.PP.KD,,,,,,,,,,,,,,,,,,,,,,,,,,,,,,,6.369896406,6.332753977,6.508283268,6.595231725,6.912617352,6.944337335,6.953986637,7.28985856,7.452807009,7.664017484,7.948746367,8.015656547,8.159256639,8.126304179,8.345413478,8.585903635,8.832292544,9.256163655,9.346248909,9.492637658,9.288068476,9.613252771,9.657998543,9.879447545,10.48661674,,,,,,,,
Europe & Central Asia,ECS,"Industrial design applications, resident, by count",IP.IDS.RSCT,,,,,,,,,,,,,,,,,,,,,4262.0,3072.0,3302.0,3163.0,3356.0,5946.0,4960.0,5303.0,5917.0,53853.0,51120.0,53549.0,56214.0,61799.0,67839.0,74744.0,81885.0,90825.0,93957.0,104156.0,97182.0,96615.0,98767.0,119774.0,130624.0,151867.0,157397.0,148672.0,157591.0,185550.0,202406.0,215130.0,227804.0,241249.0,236371.0,200937.0,289566.0,288740.0,283927.0,272902.0,254482.0,,
Europe & Central Asia,ECS,"Manufacturing, value added (current LCU)",NV.IND.MANF.CN,,,,,,,,,,,,,,,,,,,,,,,,,,,,,,,,,,,,,,,,,,,,,,,,,,,,,,,,,,,,,,,
Europe & Central Asia,ECS,Population density (people per sq. km of land area),EN.POP.DNST,,122.9138228,124.3462058,125.7818913,127.2184514,128.6181554,129.8665735,131.1082627,132.3061737,133.4617628,134.4853564,135.499853,136.6171576,137.6959114,138.732573,139.7366748,140.727789,141.6996932,142.6666572,143.6310678,144.615892,145.5644167,146.4379965,147.2867521,148.1710976,149.072119,150.0052216,150.9604273,151.927187,152.8377831,153.608251,154.3957864,31.34140251,31.30861104,31.39338538,31.45629969,31.51904826,31.49401798,31.53385502,31.56162912,31.55296684,31.59575517,31.65380622,31.73467699,31.82866708,31.92541792,31.91190962,32.01517173,32.14925183,32.27837302,32.40483112,32.48374088,32.60497291,32.74727897,32.89584275,33.03735844,33.18041254,33.30682966,33.42632839,33.53210209,33.61276208,33.65665574,
Europe & Central Asia,ECS,Total natural resources rents (% of GDP),NY.GDP.TOTL.RT.ZS,,,,,,,,,,,0.239816399,0.23411008,0.224756308,0.264159259,0.437162651,0.577344536,0.65175503,0.613410531,0.5343657,0.81142412,0.930990072,0.99492539,0.82897353,0.883700156,0.907344832,0.93056644,0.390650336,0.430206094,0.806185349,1.119204095,1.339621464,0.702950637,0.698969219,0.724801775,0.618340621,0.704279977,0.809154366,0.736017288,0.257005899,0.498275052,1.211235565,1.223331415,1.079018806,1.050814809,1.19810469,1.478946913,1.807411375,1.781706083,2.536346835,1.581805359,1.935722818,2.660992115,2.495681592,2.205414869,1.887574912,1.138944364,0.939594896,1.292870323,1.794734337,1.479833158,0.886145864,2.220465924,
Europe & Central Asia,ECS,Urban population (% of total population),SP.URB.TOTL.IN.ZS,55.57314591,56.1017229,56.62802856,57.17962318,57.73056931,58.29132721,58.84923021,59.39268892,59.91799792,60.41576863,60.90587328,61.38148693,61.84686862,62.2989009,62.74102981,63.15035995,63.53371505,63.91946234,64.30939793,64.66317097,64.97313488,65.31037258,65.61267006,65.8962804,66.16939813,66.43301806,66.6910153,66.96935367,67.24663009,67.4479395,67.59222416,67.72162352,67.83266761,67.93745008,68.04894133,68.16157967,68.26322291,68.36563053,68.47386594,68.59105202,68.71997529,68.87505989,69.07592344,69.2865251,69.4995275,69.71503223,69.92944736,70.14643396,70.35869635,70.56277543,70.75810258,70.93536508,71.11094962,71.28322517,71.45463237,71.63324553,71.81736189,72.00601454,72.20148079,72.40403998,72.607103,72.81420393,73.05753371
Latin America & Caribbean,LCN,Adjusted savings: energy depletion (% of GNI),NY.ADJ.DNGY.GN.ZS,,,,,,,,,,,0.766761359,0.933307609,0.884837836,1.376904046,5.342679625,3.758042203,3.678656929,2.859794776,2.702352168,6.364270601,6.07228643,4.558521113,3.276473385,4.183705532,4.744630664,3.969473829,1.869471052,2.885676444,1.956797726,1.950605861,2.480817886,1.351940117,1.325235499,1.136924577,0.996073946,1.11803057,1.423610921,1.142169587,0.626387917,1.257317085,2.097503143,1.650481689,1.940048535,2.219298345,2.648823391,3.426587829,3.517182751,3.001423294,3.328077564,1.78049937,1.949489287,2.810589375,2.663591203,2.388141611,2.153800503,1.03637249,0.783081726,1.015095661,1.646407386,1.405871667,0.80832781,1.824078527,
Latin America & Caribbean,LCN,Agricultural methane emissions (thousand metric tons of CO2 equivalent),EN.ATM.METH.AG.KT.CE,,,,,,,,,,,,,,,,,,,,,,,,,,,,,,,551762.6225,558069.1075,566530.155,568976.335,578590.79,582433.99,567156.3,572234.12,575835.365,578582.3575,582570.4725,597071.46,619141.8775,642531.34,659569.4475,667687.2075,663593.7475,666986.1425,665773.795,667845.605,673748.7825,669688.5375,673177.915,670953.42,675367.935,677620.435,682940.135,685366.9,681174.7775,690748.2125,700530.67,,
Latin America & Caribbean,LCN,Energy use (kg of oil equivalent per capita),EG.USE.PCAP.KG.OE,,,,,,,,,,,,823.4872527,840.9922393,880.828932,908.8883776,908.4226356,932.3713574,956.813276,990.8430795,1022.485159,1058.700859,1046.751959,1046.034926,1025.269821,1039.236738,1038.532293,1040.769336,1060.523282,1057.127121,1063.074294,1054.385178,1060.126014,1069.142077,1054.891545,1091.952369,1083.121777,1114.213815,1141.820497,1160.471205,1157.401308,1154.318628,1151.926466,1155.133329,1167.5968,1200.416993,1229.919378,1270.708258,1277.895552,1305.956984,1282.181074,1337.195721,1348.759866,1389.332869,1399.21596,1362.186175,,,,,,,,
Latin America & Caribbean,LCN,GDP per capita (current US$),NY.GDP.PCAP.CD,,,,,,,,,,,,,,,,,,,,,,,,,,,,,,2324.641556,2670.516006,2789.407713,2972.157208,3446.977814,3828.918112,4025.557802,4285.045014,4623.208385,4607.777744,4101.821972,4463.777455,4318.037793,3830.806154,3852.8887,4374.332619,5214.197325,6028.742891,7015.103332,8055.565992,7478.716444,9164.566397,10306.43066,10311.90706,10450.94094,10539.37441,8723.135457,8421.148077,9255.805976,8977.992553,8772.562194,7393.174719,8478.633406,9559.213456
Latin America & Caribbean,LCN,GDP per unit of energy use (constant 2017 PPP $ per kg of oil equivalent),EG.GDP.PUSE.KO.PP.KD,,,,,,,,,,,,,,,,,,,,,,,,,,,,,,,10.85391764,10.874949,10.93748623,11.24592818,11.3463277,11.22002176,11.1931093,11.30510856,11.28765999,11.12657592,11.38583452,11.29185458,11.21338579,11.09578038,11.23432491,11.2004631,11.33366509,11.60681984,11.73243583,11.55926686,11.75592276,11.92448279,11.8076959,11.82772267,11.79492235,,,,,,,,
Latin America & Caribbean,LCN,"Industrial design applications, resident, by count",IP.IDS.RSCT,,,,,,,,,,,,,,,,,,,,,2916.0,2552.0,2711.0,3147.0,3322.0,1398.0,2609.0,2214.0,3526.0,2390.0,788.0,701.0,1795.0,3033.0,2846.0,2927.0,3199.0,3202.0,2950.0,3707.0,4708.0,4670.0,5156.0,5300.0,5244.0,6414.0,6321.0,6015.0,6505.0,6521.0,7384.0,7426.0,7134.0,7313.0,7318.0,6838.0,7266.0,7329.0,7511.0,7947.0,7468.0,,
Latin America & Caribbean,LCN,"Manufacturing, value added (current LCU)",NV.IND.MANF.CN,,,,,,,,,,,,,,,,,,,,,,,,,,,,,,,,,,,,,,,,,,,,,,,,,,,,,,,,,,,,,,,
Latin America & Caribbean,LCN,Population density (people per sq. km of land area),EN.POP.DNST,,11.22550802,11.54108771,11.86441294,12.19395328,12.52857563,12.86573655,13.20478191,13.54635004,13.89072339,14.23856601,14.59101394,14.9489075,15.31307291,15.68249378,16.05552852,16.43222621,16.8170584,17.21162474,17.61028589,18.00890473,18.40102419,18.79306762,19.19166006,19.59210539,19.9919231,20.390879,20.78983116,21.19111997,21.59336081,22.00210775,22.41316019,22.81974508,23.22486255,23.62941896,24.03162238,24.42885681,24.82223244,25.24724147,25.6316224,26.00916251,26.37873893,26.74168675,27.09300001,27.43832876,27.77967824,28.11323365,28.43995091,28.75998865,29.07692987,29.38308754,29.71280193,30.04389415,30.37203621,30.69227297,31.00869739,31.32209484,31.62831081,31.91920078,32.20328032,32.46474002,32.68659846,
Latin America & Caribbean,LCN,Total natural resources rents (% of GDP),NY.GDP.TOTL.RT.ZS,,,,,,,,,,,2.835012897,2.60525901,2.495485663,3.594577967,9.399427739,7.216831075,7.297410078,6.226552699,5.868816261,12.26430341,11.86798062,8.753772388,7.032895724,8.259521415,7.920825853,7.385799846,3.845195503,5.728551676,5.031760913,5.094092914,5.559494756,3.319230182,3.182830723,2.588275925,2.317568654,2.716121871,3.024919667,2.588300821,1.586716228,2.566474573,3.850369713,3.080042894,3.580716258,3.902013553,4.814427494,6.138903688,7.059856137,6.714612533,7.284351491,4.043665582,5.200148265,6.777874793,6.025556669,5.445214554,4.649743211,2.286789361,2.178794316,2.61714501,3.347728939,2.617311527,2.441538351,6.12944035,
Latin America & Caribbean,LCN,Urban population (% of total population),SP.URB.TOTL.IN.ZS,49.41692954,50.21759745,51.03086541,51.84730662,52.66860606,53.4352629,54.20158883,54.96703858,55.73342803,56.49527929,57.251068,58.0122165,58.76650052,59.49824971,60.22458341,60.95034413,61.67196855,62.39346022,63.11278892,63.82510483,64.53527446,65.2278119,65.88637912,66.52392657,67.15363938,67.77577756,68.38227572,68.97621014,69.56122161,70.13459236,70.69273177,71.21505077,71.71451013,72.2021969,72.69615809,73.18524036,73.65244051,74.1284417,74.59913926,75.05340398,75.5023677,75.86072514,76.18992509,76.5110233,76.81913083,77.12245501,77.42295291,77.7196869,78.01001026,78.29313264,78.56904961,78.84894068,79.12050881,79.38633421,79.64959608,79.91008068,80.16578312,80.41445313,80.65070817,80.8888556,81.13457,81.37701329,81.62121654
Middle East & North Africa,MEA,Adjusted savings: energy depletion (% of GNI),NY.ADJ.DNGY.GN.ZS,,,,,,,,,,,5.095426864,6.175595366,7.830374946,10.2332647,23.93800535,17.46923521,18.13129596,17.1951993,16.12192933,26.01619161,23.29409282,17.09274777,9.890938317,8.281797538,8.016663924,6.888721772,3.580407284,5.359833151,4.493389057,6.562127776,7.134116612,6.675456542,6.638808642,6.995065148,6.142846105,5.938674582,7.038769724,6.066717703,4.16062498,5.488388948,8.028119454,6.346100629,6.015724828,7.115249004,8.435211521,10.30304943,10.44603003,9.44031583,10.90001998,6.648464919,7.683435165,10.19991805,9.892234125,9.364115411,8.552802197,5.213517811,4.487724742,5.412349662,7.298780353,6.159408356,3.840279947,,
Middle East & North Africa,MEA,Agricultural methane emissions (thousand metric tons of CO2 equivalent),EN.ATM.METH.AG.KT.CE,,,,,,,,,,,,,,,,,,,,,,,,,,,,,,,60546.445,59415.195,62156.4475,62140.915,62853.53,63461.1475,64512.68,66001.0325,66588.5125,67766.88,67692.505,66946.8825,67730.5525,68429.34,70371.2375,71940.0675,73597.545,75203.885,72340.5525,71595.3175,71344.925,73427.0325,74814.9075,74781.7575,70416.82,69571.52,70734.3125,67694.14,66552.0,65748.09,67080.25,,
Middle East & North Africa,MEA,Energy use (kg of oil equivalent per capita),EG.USE.PCAP.KG.OE,,,,,,,,,,,,468.8332669,465.1724438,530.1049648,552.0481772,587.5047614,633.5838639,676.8847539,722.6133881,831.3823599,881.7234027,971.6648162,1059.635211,1047.634672,1068.521139,1097.438322,1110.745188,1156.336809,1206.316072,1262.087102,1186.176662,1216.253756,1299.595055,1362.897702,1425.31124,1438.20729,1438.717744,1490.297216,1481.637707,1504.206953,1493.96248,1575.974996,1610.26962,1616.350797,1689.015805,1773.545751,1843.750513,1889.596808,1988.243516,2008.87923,2054.086021,2028.579872,2136.553718,2096.126207,2284.105672,,,,,,,,
Middle East & North Africa,MEA,GDP per capita (current US$),NY.GDP.PCAP.CD,,,,,,,,,344.9033479,371.121913,407.8755859,469.3702372,552.9308244,727.6920725,1320.529515,1416.687185,1732.117208,1948.779521,2021.4235,2576.459509,3231.502406,3230.965717,3116.553392,3054.968566,3016.306682,2998.531451,2985.114101,2666.012042,2454.323737,2476.811828,3161.382467,2171.108418,2318.720371,2323.270378,2425.900691,2601.189869,2846.847409,2929.031847,2820.362795,2996.117599,3283.756264,3202.246523,3127.673078,3405.86244,3940.421569,4636.539283,5308.196613,6119.525492,7442.685879,6567.656796,7524.725208,8320.32302,8794.729803,8471.775586,8345.566904,7217.651624,7158.049769,7337.213549,7565.281634,7444.855634,6579.706726,7696.006608,8973.862585
Middle East & North Africa,MEA,GDP per unit of energy use (constant 2017 PPP $ per kg of oil equivalent),EG.GDP.PUSE.KO.PP.KD,,,,,,,,,,,,,,,,,,,,,,,,,,,,,,,9.616280615,9.33164696,8.935108212,8.400724067,8.0166734,8.065659516,8.320011573,8.14215127,8.421553323,8.297347266,8.612719209,8.124118241,7.938459149,8.186600285,8.236132748,8.085828796,8.023055708,8.042313764,7.799377803,7.573647207,7.585898533,7.765790377,7.467916674,7.597308148,7.437477515,,,,,,,,
Middle East & North Africa,MEA,"Industrial design applications, resident, by count",IP.IDS.RSCT,,,,,,,,,,,,,,,,,,,,,429.0,529.0,394.0,482.0,511.0,783.0,960.0,1037.0,1106.0,1274.0,1354.0,1443.0,1349.0,1549.0,1613.0,1779.0,1334.0,1637.0,1736.0,1750.0,3762.0,3553.0,3946.0,1670.0,2642.0,1567.0,4298.0,2561.0,7777.0,1962.0,12466.0,11481.0,9814.0,10664.0,16603.0,7248.0,23594.0,27168.0,23224.0,25934.0,20948.0,,
Middle East & North Africa,MEA,"Manufacturing, value added (current LCU)",NV.IND.MANF.CN,,,,,,,,,,,,,,,,,,,,,,,,,,,,,,,,,,,,,,,,,,,,,,,,,,,,,,,,,,,,,,,
Middle East & North Africa,MEA,Population density (people per sq. km of land area),EN.POP.DNST,,9.590967258,9.846369542,10.11182289,10.38854891,10.67424808,10.97026884,11.28407236,11.60297374,11.93366987,12.27577824,12.62506692,12.98245464,13.35836394,13.74762765,14.16897854,14.65008084,15.13961561,15.58157013,16.04771112,16.57027203,17.15990488,17.76366893,18.34338785,18.94526435,19.55445247,20.17514045,20.80062381,21.41663577,22.0382196,22.82190887,23.46698829,24.10887438,24.66519327,25.20018813,25.75703766,26.31032045,26.87275341,27.43940514,28.01221459,28.59703401,29.18976996,29.74720543,30.30582866,30.91422324,31.57492961,32.30267216,33.07677182,33.8757063,34.68857003,35.46064254,36.17766337,36.89687428,37.67024468,38.46133303,39.2491182,39.99852887,40.73119916,41.46116456,42.1857386,42.78880519,43.34221705,
Middle East & North Africa,MEA,Total natural resources rents (% of GDP),NY.GDP.TOTL.RT.ZS,,,,,,,,,,,13.13476306,14.59563543,16.92093168,20.99086842,48.97733426,39.57697886,38.30547652,36.0557322,34.01887042,53.74932805,48.8350932,37.61813332,24.94305607,23.0764043,22.56220082,19.46567976,11.22410257,16.20688362,16.23204297,22.86497974,24.22875579,20.33022893,20.43529392,21.30791032,20.04706118,16.51230099,18.46849603,16.61123774,11.4919747,15.08736995,23.55282313,19.13987076,18.58779491,20.73976087,24.54824837,30.09459541,30.95123978,28.37127473,32.16648961,20.59539271,23.55182862,30.62405021,29.8513905,28.46621803,25.75302731,15.43198589,12.97335633,16.34235702,21.82688017,18.73667338,12.55453908,18.59015615,
Middle East & North Africa,MEA,Urban population (% of total population),SP.URB.TOTL.IN.ZS,34.8925686,35.65117452,36.42182371,37.20354574,38.01092974,38.84618055,39.63247737,40.36140564,41.09642842,41.84341478,42.60059633,43.33425368,44.07511709,44.83072314,45.56114584,46.26285012,46.99573789,47.68894063,48.28152937,48.86480899,49.4946127,50.11452029,50.71754447,51.31311531,51.89844448,52.45983672,53.02317653,53.50528333,53.90923736,54.29186349,54.67139034,55.01377578,55.50256367,55.94201498,56.34659912,56.69242754,57.03179543,57.38062383,57.74518934,58.11450111,58.48384266,58.85246821,59.19987688,59.53929047,59.88711223,60.29392406,60.74225179,61.17535257,61.60945019,62.04045199,62.41779732,62.67184957,62.9313265,63.2755312,63.65346648,64.05737008,64.39947162,64.71130668,65.021227,65.31316925,65.56004531,65.80670253,66.09023358
North America,NAC,Adjusted savings: energy depletion (% of GNI),NY.ADJ.DNGY.GN.ZS,,,,,,,,,,,0.247108541,0.29393507,0.359016328,0.406225047,2.182020078,1.96175165,1.879083713,1.899786048,1.752715325,3.664605784,4.056725097,2.596752577,1.254471654,1.75493245,1.592709351,1.419737971,0.511083018,0.81330832,0.52124214,0.623279097,0.738267134,0.526197235,0.589929764,0.607808515,0.497580366,0.431280071,0.63017611,0.524740072,0.303182,0.408674437,0.860850844,0.643985,0.469852031,0.821251417,0.844864561,1.122526301,0.677785306,0.633849172,1.007770145,0.276060882,0.262867666,0.322382272,0.183549423,0.249647815,0.281799193,0.021832778,0.086014452,0.140540059,0.26955972,0.30000379,0.151734386,0.802757402,
North America,NAC,Agricultural methane emissions (thousand metric tons of CO2 equivalent),EN.ATM.METH.AG.KT.CE,,,,,,,,,,,,,,,,,,,,,,,,,,,,,,,220818.13,221985.005,225419.4925,225635.5125,230381.385,232401.2575,232739.6575,231824.4775,230881.5625,229031.07,226050.2575,225982.995,226213.0025,224832.73,226395.1325,228306.3625,228503.6525,227990.91,228643.7275,224722.6525,225163.0875,220641.7125,218596.4775,216078.7275,216222.7825,215794.88,221892.845,222981.825,226449.0225,225891.7825,226054.33,,
North America,NAC,Energy use (kg of oil equivalent per capita),EG.USE.PCAP.KG.OE,5516.345977,5494.086457,5654.544543,5869.044418,6024.09479,6201.770587,6469.291448,6693.144005,6960.887266,7215.690803,7466.148368,7528.958471,7837.852245,8060.070944,7830.599969,7609.23966,8022.210308,8202.50574,8353.196466,8281.908558,7931.208139,7638.529661,7250.713423,7187.118903,7436.015009,7457.422268,7390.388879,7626.997783,7853.258884,7897.5529,7667.611043,7620.080221,7669.860944,7715.564427,7777.627583,7785.182444,7865.164089,7851.083732,7817.956797,7941.329723,8077.286737,7850.314676,7858.1442,7848.043092,7938.031773,7903.118483,7751.023404,7802.97578,7557.741461,7129.923196,7223.540273,7117.469938,6957.807503,6989.336549,7054.546992,6886.867395,,,,,,,
North America,NAC,GDP per capita (current US$),NY.GDP.PCAP.CD,2939.4432,2991.592897,3155.097538,3283.141453,3480.426945,3729.969704,4044.247215,4231.867351,4579.98226,4912.487595,5130.399802,5506.272177,5999.126802,6642.693282,7209.100091,7775.533698,8615.910721,9403.387829,10427.51639,11518.74117,12441.44115,13820.13606,14247.28907,15341.71701,16808.83673,17838.4912,18625.55501,19679.22112,21180.2186,22652.52159,23653.35132,24094.0418,24974.72409,25772.06404,26931.63931,27897.91385,29112.21438,30518.03962,31691.91778,33320.92229,35151.3296,35831.37937,36651.82911,38395.22158,40788.09354,43368.25243,45741.03259,47727.48204,48398.10295,46581.28354,48552.94241,50289.0244,51881.17089,53234.1501,54714.47093,55452.42138,56312.43488,58423.88588,61174.77734,63203.37389,61483.00075,68399.10275,74160.99677
North America,NAC,GDP per unit of energy use (constant 2017 PPP $ per kg of oil equivalent),EG.GDP.PUSE.KO.PP.KD,,,,,,,,,,,,,,,,,,,,,,,,,,,,,,,5.198707756,5.147734004,5.21132678,5.254028827,5.358686842,5.432946834,5.507450974,5.694168811,5.904556586,6.025575764,6.103611007,6.28168439,6.328638947,6.452747972,6.560298721,6.754616836,7.009755197,7.035927873,7.208833155,7.373848152,7.413889645,7.593604721,7.880778998,7.93484012,7.984261681,8.324188177,,,,,,,
North America,NAC,"Industrial design applications, resident, by count",IP.IDS.RSCT,,,,,,,,,,,,,,,,,,,,,,,,,,,,,,,,,,,,,,,,,,,,,,,,,,,,,,,,,,,,,,,
North America,NAC,"Manufacturing, value added (current LCU)",NV.IND.MANF.CN,,,,,,,,,,,,,,,,,,,,,,,,,,,,,,,,,,,,,,,,,,,,,,,,,,,,,,,,,,,,,,,
North America,NAC,Population density (people per sq. km of land area),EN.POP.DNST,,11.14548489,11.32154943,11.49011035,11.6561388,11.80887042,11.95386117,12.09273317,12.22112218,12.34559387,12.49301778,12.67214622,12.80958541,12.93570756,13.06044364,13.19583451,13.32652609,13.46336963,13.60591398,13.75535399,13.89246005,14.03291156,14.17059324,14.30179556,14.42726561,14.55607052,14.69221948,14.83030746,14.97131159,15.12610273,15.30369789,15.50805971,15.72138398,15.92656446,16.12095817,16.31153194,16.50046241,16.69683073,16.88699604,17.07637701,17.26155671,17.43490526,17.60016867,17.75281477,17.91800007,18.08431105,18.26034701,18.43519184,18.62779025,18.79671269,18.9585349,19.1015376,19.24890687,19.38975659,19.5377713,19.68232095,19.83351883,19.97073698,20.0941818,20.20613928,20.40419948,20.64664493,
North America,NAC,Total natural resources rents (% of GDP),NY.GDP.TOTL.RT.ZS,,,,,,,,,,,0.756088223,0.747960469,0.814494973,1.08077005,3.508374791,3.3625047,3.196396153,3.227130059,2.832117217,5.334589186,5.97572251,4.203374615,2.465131918,2.804918399,2.495962799,2.255875129,0.983735201,1.338812251,1.123850964,1.217300729,1.370215118,1.016469975,1.054141863,1.026269169,0.888590728,0.937747484,1.158451744,0.97778995,0.623723691,0.755751919,1.34953668,1.083847813,0.830759636,1.26903779,1.500054276,1.831810314,1.387519102,1.337546222,2.227360297,0.845810364,1.080730635,1.374593682,0.84377704,0.845724629,0.794815738,0.242053073,0.339716303,0.48744213,0.688667404,0.660649606,0.395880568,1.570374944,
North America,NAC,Urban population (% of total population),SP.URB.TOTL.IN.ZS,69.91840106,70.31954524,70.73978371,71.15636541,71.56938765,71.97871764,72.3826157,72.76219843,73.13854969,73.5112239,73.8016579,73.85612635,73.85386055,73.85182834,73.85012852,73.84830487,73.84743795,73.86058101,73.87244749,73.88512697,73.9311267,74.07345154,74.22676191,74.37972645,74.53080075,74.68169241,74.83157434,74.96854138,75.10536467,75.24090146,75.43326939,75.79777241,76.18057399,76.5587808,76.93319284,77.30302614,77.67168444,78.04520539,78.41549319,78.78166901,79.10242412,79.29464184,79.46014243,79.62477618,79.78929336,79.95100922,80.11409653,80.28532991,80.45557959,80.62475234,80.79198564,80.96264204,81.12430122,81.29037419,81.45987195,81.63309369,81.80877001,81.98963981,82.17306441,82.36168903,82.55366945,82.75001442,82.94759786
South Asia,SAS,Adjusted savings: energy depletion (% of GNI),NY.ADJ.DNGY.GN.ZS,,,,,,,,,,,0.086777814,0.134706623,0.123957827,0.13034268,0.508665039,0.672628829,0.80574376,0.863372325,0.799886912,1.6980685,0.59544494,0.992831477,0.942986411,1.149985719,1.134837722,1.419243569,0.681838742,0.767209478,0.615052502,1.000950202,1.216863919,0.844781083,0.694782264,0.600832128,0.600777709,0.71857727,0.755887247,0.674841268,0.437178382,0.616494616,0.965157315,0.823364913,0.890185067,0.857642827,1.119429847,1.238071799,1.250591369,1.066239723,1.52557937,0.785708895,0.96993347,1.376070629,1.280490226,1.099427112,0.896150791,0.476963838,0.3734343,0.461635167,0.586157076,0.447793229,0.312446202,0.522795718,
South Asia,SAS,Agricultural methane emissions (thousand metric tons of CO2 equivalent),EN.ATM.METH.AG.KT.CE,,,,,,,,,,,,,,,,,,,,,,,,,,,,,,,570419.33,574441.3875,577753.8875,583602.275,588336.68,593045.405,599431.31,603156.1375,608247.42,614637.04,613355.295,614349.2125,610273.125,619408.175,624553.84,639930.6225,653746.19,665823.9875,678936.545,673129.255,678050.505,688090.4225,687372.285,695379.765,698711.8,703169.595,708310.1875,717703.965,726040.3625,729011.6775,738680.9325,,
South Asia,SAS,Energy use (kg of oil equivalent per capita),EG.USE.PCAP.KG.OE,,,,,,,,,,,,251.1407722,251.8004001,253.9231367,257.6912846,260.8887548,264.4666962,265.994313,264.6364788,270.5024372,271.6292968,278.3237399,282.8183238,285.4355613,289.6592881,297.2349843,301.1363837,306.7200481,315.9791169,323.4003473,329.6986093,334.7659065,340.915523,343.4236298,348.9875126,361.0443857,365.5800757,371.9938804,373.5617786,386.8617888,389.2117483,388.1376933,391.3045006,395.27173,409.1401066,417.9855588,432.4176257,449.3472358,460.6847444,493.8827452,508.0173338,520.3799004,536.4064264,541.4128152,565.3273918,,,,,,,,
South Asia,SAS,GDP per capita (current US$),NY.GDP.PCAP.CD,82.54272511,86.02559166,89.67405922,98.50271523,110.1281458,115.5536054,94.99006092,102.1709856,104.6561166,112.4209181,118.9557461,123.8250132,121.7919331,136.0392077,161.0104509,168.4143488,160.6797802,181.8581101,202.2206399,221.3224541,260.6842953,270.0155722,272.9240373,282.0977472,274.1749841,291.1719745,301.2711631,326.9257558,343.3610488,338.7019519,356.597878,310.4094963,322.5004565,312.4352317,346.7573399,376.7970134,403.8112231,415.1139684,412.5760118,433.3967897,460.3493934,462.4615283,475.6381394,544.9458025,621.1928553,697.9549072,779.5525709,966.3375201,967.0672768,1040.459637,1253.946408,1361.483067,1362.331774,1380.003413,1490.717749,1539.470601,1675.438752,1887.890561,1920.140055,1965.094236,1853.845901,2136.192891,2287.416124
South Asia,SAS,GDP per unit of energy use (constant 2017 PPP $ per kg of oil equivalent),EG.GDP.PUSE.KO.PP.KD,,,,,,,,,,,,,,,,,,,,,,,,,,,,,,,5.957876344,5.858308685,5.958487014,6.042422032,6.168608166,6.239373771,6.444229933,6.437890995,6.629224196,6.752210559,6.852402508,7.04114443,7.102443146,7.403351787,7.572640114,7.846409859,8.038340425,8.164218941,8.098432555,7.962824526,8.192091826,8.287884683,8.355886315,8.664940948,8.7619841,,,,,,,,
South Asia,SAS,"Industrial design applications, resident, by count",IP.IDS.RSCT,,,,,,,,,,,,,,,,,,,,,1229.0,1183.0,1193.0,64.0,1302.0,1257.0,1407.0,1399.0,1396.0,1242.0,1225.0,1678.0,1834.0,2452.0,3084.0,2581.0,2507.0,3171.0,3740.0,3630.0,3770.0,4638.0,4168.0,4110.0,4453.0,5050.0,5464.0,5248.0,5492.0,5494.0,5952.0,7465.0,6977.0,6894.0,7888.0,8884.0,8795.0,9800.0,11506.0,11812.0,10748.0,,
South Asia,SAS,"Manufacturing, value added (current LCU)",NV.IND.MANF.CN,,,,,,,,,,,,,,,,,,,,,,,,,,,,,,,,,,,,,,,,,,,,,,,,,,,,,,,,,,,,,,,
South Asia,SAS,Population density (people per sq. km of land area),EN.POP.DNST,,122.3624012,125.2895669,128.2953538,131.3749322,134.4678242,137.5505594,140.6933024,143.9598739,147.3285018,150.7362619,154.0289132,157.4316452,161.1322369,164.9256516,168.7713951,172.6522629,176.6402229,180.7523524,184.974688,189.3606672,193.8014654,198.3686171,203.1590462,208.0568011,213.0361016,218.0633468,223.1275501,228.281683,233.5426428,238.8081661,244.0742862,249.4956655,255.1011292,261.1241375,266.7231893,272.2822846,277.856284,283.4807157,289.1437334,294.7945877,300.5291954,306.3447502,312.0623388,317.6943699,323.0519872,328.2142696,333.1528552,338.0270384,342.9951395,348.0537814,353.1579797,358.148336,362.964397,367.6482476,372.2215495,376.7323901,381.3148119,385.8461736,390.2620415,394.6507887,398.7135762,
South Asia,SAS,Total natural resources rents (% of GDP),NY.GDP.TOTL.RT.ZS,,,,,,,,,,,0.695162674,0.824359504,0.8281486,1.011440142,1.712404981,2.859945334,2.933050885,4.017009617,3.439269079,3.655601016,2.554162538,3.208089343,3.421269331,2.987223241,2.761301972,2.906556683,2.091208757,1.92662494,1.805707394,2.457919426,2.987770956,2.580177779,2.358041719,2.029725783,1.811318593,2.141687138,2.110211793,1.88240187,1.546872205,1.664084548,2.172879336,2.16099171,2.158986281,2.077313747,2.832323334,3.285458029,3.506186813,3.872220538,5.856998886,2.941264581,3.938131978,4.593702656,3.545953399,3.177489135,2.488204086,1.58494509,1.515042505,1.716732527,1.920559053,1.746403098,1.533816952,2.64511038,
South Asia,SAS,Urban population (% of total population),SP.URB.TOTL.IN.ZS,16.69883478,16.83198292,17.0188531,17.20762823,17.39891732,17.59087343,17.78536473,17.982277,18.18192364,18.38542433,18.59586725,18.84615677,19.17524617,19.50069226,19.84726971,20.22819044,20.62074014,21.02269847,21.43440083,21.85960337,22.30432136,22.69994153,22.96324914,23.22023549,23.47601247,23.7354479,24.00187727,24.27153306,24.5434858,24.81062989,25.07906467,25.33623952,25.55933621,25.78115757,26.00895584,26.24019745,26.47676667,26.71440345,26.95128603,27.18514502,27.42418988,27.70282086,28.03966613,28.37639161,28.72107855,29.06867124,29.41856743,29.77464836,30.13397611,30.49316857,30.8553927,31.21904307,31.59054593,31.97027605,32.35853414,32.75580601,33.16234064,33.57861344,34.0058992,34.44463406,34.89320579,35.35192499,35.82499865
Sub-Saharan Africa,SSF,Adjusted savings: energy depletion (% of GNI),NY.ADJ.DNGY.GN.ZS,,,,,,,,,,,,0.325423724,0.350936128,0.375803029,1.428205621,1.796384594,1.905980983,1.970535613,1.673629537,2.620175048,2.075267309,2.056453723,1.95311363,1.8187766,2.058429703,3.15257659,1.476698359,1.67046318,1.574355232,2.435786621,2.863268917,1.755079195,2.24234482,2.096071966,1.827066768,2.068791941,2.188963133,2.134285389,1.207830598,1.645239278,3.49330125,2.853938648,2.772070727,2.175542467,3.498927168,5.352012225,5.998792304,6.484327955,8.895181547,4.160778078,5.76904815,7.365677124,6.045483467,4.830615179,3.633595505,1.561460899,1.40206437,2.296849347,3.172229039,2.708143219,1.429795324,2.391611628,
Sub-Saharan Africa,SSF,Agricultural methane emissions (thousand metric tons of CO2 equivalent),EN.ATM.METH.AG.KT.CE,,,,,,,,,,,,,,,,,,,,,,,,,,,,,,,322155.5775,327136.9175,332380.4975,332262.6075,338498.6075,344793.1425,350066.01,356659.445,376647.3575,378752.745,383822.02,380178.645,397546.2375,412639.2325,416580.155,436937.2,432512.0875,454939.36,468896.2975,466364.48,488148.005,499219.01,508511.795,513090.915,516607.8875,528281.9575,547031.3625,549465.6975,560426.625,574210.815,596285.455,,
Sub-Saharan Africa,SSF,Energy use (kg of oil equivalent per capita),EG.USE.PCAP.KG.OE,,,,,,,,,,,,672.5008254,670.5946228,681.063292,680.430845,680.3847226,682.0693258,680.8050775,686.2332823,684.7311485,692.1313151,706.4035532,718.2824968,712.1960588,720.1874445,714.4203602,715.8863205,719.0178446,721.4227192,702.6960232,688.0617117,696.9331587,675.1698816,679.9034596,671.455654,677.3087458,680.9113793,682.0823793,672.4965327,676.8607314,653.9924902,659.8582022,653.8444071,665.6959366,678.4158998,675.7900896,669.444058,678.9435133,694.4701589,680.3986961,683.8976553,685.6569103,679.316781,676.5660589,679.4456469,,,,,,,,
Sub-Saharan Africa,SSF,GDP per capita (current US$),NY.GDP.PCAP.CD,124.3669322,128.3196569,133.3320855,139.8041069,148.8638282,157.6940179,165.0320269,164.4889212,170.5282116,187.45298,218.6438072,214.6370534,235.4296209,296.1330544,371.8536967,399.4101396,423.6869282,446.1833019,478.7474394,564.5907308,711.113398,975.9075844,863.4987754,741.0955461,635.5990261,563.9289299,565.5114451,623.7477266,641.6926951,634.9548006,725.9685611,757.1561188,663.7990258,653.0554092,650.2825971,807.7151117,876.3940544,899.3570276,883.1529962,611.4361341,631.9767972,590.3008707,626.1864718,767.9592679,928.6532422,1073.59654,1235.42376,1393.390631,1536.726684,1439.062132,1665.400988,1828.405972,1848.047748,1906.026834,1937.325199,1687.100915,1526.957693,1611.099075,1630.055972,1631.312141,1490.349666,1635.217341,1701.245382
Sub-Saharan Africa,SSF,GDP per unit of energy use (constant 2017 PPP $ per kg of oil equivalent),EG.GDP.PUSE.KO.PP.KD,,,,,,,,,,,,,,,,,,,,,,,,,,,,,,,4.973095568,4.801568093,4.799041419,4.592144498,4.570884783,4.551935796,4.643936072,4.716836769,4.765908538,4.712629865,4.84836287,4.869768848,5.09101112,5.067765687,5.188984443,5.382896948,5.615554021,5.730125834,5.677605761,5.803088925,5.964397589,6.040527529,6.05522714,6.227067081,6.419127503,,,,,,,,
Sub-Saharan Africa,SSF,"Industrial design applications, resident, by count",IP.IDS.RSCT,,,,,,,,,,,,,,,,,,,,,0.0,20.0,957.0,872.0,876.0,50.0,823.0,863.0,2012.0,42.0,873.0,737.0,984.0,483.0,529.0,807.0,980.0,385.0,997.0,1069.0,870.0,862.0,1063.0,1027.0,1359.0,1664.0,1827.0,1895.0,1344.0,1594.0,359.0,2306.0,2442.0,2509.0,2058.0,1607.0,3236.0,3892.0,4810.0,4262.0,4192.0,,
Sub-Saharan Africa,SSF,"Manufacturing, value added (current LCU)",NV.IND.MANF.CN,,,,,,,,,,,,,,,,,,,,,,,,,,,,,,,,,,,,,,,,,,,,,,,,,,,,,,,,,,,,,,,
Sub-Saharan Africa,SSF,Population density (people per sq. km of land area),EN.POP.DNST,,9.885738709,10.13120023,10.38598015,10.65136504,10.92710928,11.20974938,11.50101568,11.80432888,12.11828209,12.44382193,12.77994682,13.12391521,13.48387622,13.86526149,14.26207141,14.66974354,15.08395919,15.52618928,15.99565519,16.46216837,16.9477134,17.46213636,17.96753799,18.47213539,19.0010588,19.5515315,20.12289783,20.69512708,21.27741714,21.87496866,22.47144788,23.07196519,23.68652414,24.30810994,24.95314089,25.62459427,26.29694893,26.98005542,27.68651546,28.42026395,29.18027576,29.96492881,30.77331586,31.41242596,32.27207551,33.16122723,34.08303462,35.03501402,36.01295646,37.01801459,38.04782458,38.89882701,39.97746123,41.08298065,42.22107098,43.37033141,44.53101696,45.72469449,46.94459428,48.19005812,49.43994733,
Sub-Saharan Africa,SSF,Total natural resources rents (% of GDP),NY.GDP.TOTL.RT.ZS,,,,,,,,,,,3.712182472,3.567914981,3.723079553,5.084877463,12.56876985,10.04593903,10.06217837,11.92404875,9.643784263,18.52744523,15.44098126,7.071668304,6.261109556,7.394442254,7.551133613,9.392069568,7.032727705,7.880026943,8.142950231,10.42656814,10.67329422,8.061434483,9.235057797,11.10477122,11.23058448,12.27929021,13.08919694,11.68832086,8.457477884,6.721367121,10.91495331,9.575681474,9.330759407,9.147648413,10.04226497,12.46585343,12.9166608,13.95152906,18.02803047,10.47388924,12.67987271,15.28928727,13.30688793,11.43273222,9.438062052,6.246630446,6.59227931,7.92688135,8.45802474,7.507704656,6.026476478,9.976112838,
Sub-Saharan Africa,SSF,Urban population (% of total population),SP.URB.TOTL.IN.ZS,14.62421682,14.92996295,15.24511818,15.58025367,15.93040817,16.29279245,16.65391091,17.02410122,17.40327596,17.79296148,18.17200151,18.58303682,19.01325224,19.445423,19.86720788,20.29638992,20.73241249,21.16139071,21.60087891,21.99519443,22.38172472,22.79876978,23.20792116,23.65554585,24.15248263,24.69441748,25.26246062,25.83155816,26.39958535,26.9602502,27.5108685,27.94998217,28.37938695,28.80978289,29.23611277,29.62935289,29.96578436,30.32054592,30.6852051,31.04755204,31.40950851,31.83583102,32.27265928,32.7116594,33.15567698,33.61568887,34.07315999,34.48860624,34.99170977,35.49962861,36.0151802,36.53701419,37.04853169,37.56187323,38.08906759,38.63131919,39.16090376,39.6871965,40.22454533,40.75928286,41.29441612,41.83005287,42.36829669
World,WLD,Adjusted savings: energy depletion (% of GNI),NY.ADJ.DNGY.GN.ZS,,,,,,,,,,,0.231710193,0.293712723,0.352803177,0.453311383,2.004780617,1.730130887,1.872556424,1.829506291,1.623335974,3.061141096,3.406816025,2.629570263,1.61902898,1.787534061,1.751146636,1.58225154,0.62056903,0.79761505,0.641922524,0.898426171,1.069828989,0.610541925,0.606772491,0.639737808,0.532573252,0.536944971,0.707089294,0.628137974,0.336834428,0.52483076,1.070895883,0.892456617,0.79914156,0.953608367,1.170757397,1.534349912,1.527822507,1.448636217,2.096893086,1.06957446,1.317733501,1.81618582,1.600441969,1.433066301,1.267350932,0.639936236,0.534105423,0.697592414,0.989942325,0.848391382,0.471527047,0.997282808,
World,WLD,Agricultural methane emissions (thousand metric tons of CO2 equivalent),EN.ATM.METH.AG.KT.CE,,,,,,,,,,,,,,,,,,,,,,,,,,,,,,,3161628.813,3162078.09,3146661.208,3131415.835,3155442.505,3172022.01,3168004.978,3123178.315,3144925.51,3176165.668,3179840.615,3175797.083,3196398.02,3195046.323,3249326.59,3278054.67,3306798.348,3337712.805,3352683.895,3343305.66,3363051.443,3416325.383,3432104.455,3396658.705,3417875.533,3433276.8,3454768.653,3492707.148,3506635.978,3498541.095,3535186.445,,
World,WLD,Energy use (kg of oil equivalent per capita),EG.USE.PCAP.KG.OE,,,,,,,,,,,,1334.747205,1369.800126,1415.70243,1388.300712,1363.537254,1417.989231,1441.861373,1473.06992,1489.88954,1451.347736,1410.472906,1379.669159,1370.372697,1401.965028,1412.208045,1414.234268,1440.461484,1465.61617,1471.797485,1658.983017,1644.514506,1617.465645,1610.090391,1596.085599,1610.348524,1627.206735,1620.068523,1604.599285,1616.529047,1629.098387,1627.573028,1639.802614,1678.533369,1729.155636,1755.976186,1785.216816,1812.261558,1817.793803,1784.422375,1862.035255,1868.483672,1878.258801,1880.394168,1906.117815,,,,,,,,
World,WLD,GDP per capita (current US$),NY.GDP.PCAP.CD,455.5986208,470.7543578,494.5454244,523.1574212,562.0758052,599.2770257,636.0622279,665.614297,703.8670784,759.4855515,815.6636564,881.928011,997.8383876,1187.728515,1334.813586,1465.609962,1564.108947,1738.662616,2036.992127,2327.93863,2587.772954,2621.859214,2538.522628,2561.572625,2614.184717,2675.663205,3109.556507,3493.232786,3841.113186,3927.773246,4332.765501,4446.324676,4684.302742,4721.40539,4962.296642,5443.844084,5489.001109,5393.034523,5309.371537,5407.95279,5517.121715,5410.749791,5545.61076,6138.110737,6829.846305,7303.74346,7816.391751,8700.587475,9443.240891,8842.426339,9570.618407,10485.49418,10587.93714,10749.96067,10911.12712,10168.12454,10215.58544,10754.92975,11297.4524,11338.15032,10904.14761,12316.10246,12687.74189
World,WLD,GDP per unit of energy use (constant 2017 PPP $ per kg of oil equivalent),EG.GDP.PUSE.KO.PP.KD,,,,,,,,,,,,,,,,,,,,,,,,,,,,,,,6.063188962,6.08471604,6.173750172,6.199182949,6.336669976,6.366722755,6.446321461,6.63694968,6.777553358,6.873310453,7.03645436,7.114548947,7.162096623,7.161645869,7.206657789,7.329903721,7.490933101,7.657520844,7.761646999,7.75515051,7.718346773,7.887169688,7.987073374,8.131684224,8.327077183,,,,,,,,
World,WLD,"Industrial design applications, resident, by count",IP.IDS.RSCT,,,,,,,,,,,,,,,,,,,,,,,,,,,,,,,,,,,,,,,,,,,,,462400.0,529900.0,576700.0,651200.0,698200.0,737100.0,826900.0,932800.0,1086200.0,1108000.0,1009200.0,1013600.0,1095800.0,1072600.0,1142900.0,1137300.0,1176500.0,1241800.0,
World,WLD,"Manufacturing, value added (current LCU)",NV.IND.MANF.CN,,,,,,,,,,,,,,,,,,,,,,,,,,,,,,,,,,,,,,,,,,,,,,,,,,,,,,,,,,,,,,,
World,WLD,Population density (people per sq. km of land area),EN.POP.DNST,,28.52802708,29.03340516,29.65160395,30.27383289,30.90306634,31.55555153,32.20449907,32.87111879,33.56201924,34.26432799,34.98597716,35.68869157,36.39819637,37.10283629,37.79136712,38.46991597,39.14532528,39.83215624,40.5373583,41.24877373,41.97828414,42.73776409,43.50079858,44.26063145,45.03541838,45.83327541,46.65306881,47.48039814,48.30905978,49.1523116,49.97915643,42.29660354,42.9247554,43.5886022,44.24390127,44.8995489,45.52780843,46.18317445,46.81837273,47.41826816,48.05173911,48.6837998,49.30869607,49.88094287,50.51024397,51.10617438,51.7413824,52.39381723,53.04324797,53.69183502,54.33894214,54.95925426,55.63661044,56.31210317,56.97860078,57.6404443,58.30570681,58.95127645,59.5781121,60.1835088,60.78322133,
World,WLD,Total natural resources rents (% of GDP),NY.GDP.TOTL.RT.ZS,,,,,,,,,,,0.964512951,0.960154506,1.042978912,1.440868567,4.180819549,3.866821956,4.090872492,4.035280448,3.479743027,5.797299309,6.510754253,5.170490734,3.68561987,3.717003614,3.480243827,3.178355178,1.532578222,1.799912334,1.724851289,2.201114018,2.569799686,1.545711853,1.548281114,1.594983649,1.426188803,1.510446106,1.774539144,1.630234096,1.045968714,1.28713103,2.249827993,1.958206569,1.777548589,2.001218681,2.518825882,3.242254645,3.53756726,3.630599124,5.009799609,2.764833539,3.684715954,4.817459408,4.063942619,3.651998147,3.16797797,1.73878555,1.554155825,1.975971192,2.484444905,2.135398572,1.464406763,3.029658051,
World,WLD,Urban population (% of total population),SP.URB.TOTL.IN.ZS,33.602516,34.08956531,34.52111956,34.89798686,35.28211826,35.4995213,35.6985896,35.91133331,36.11909812,36.3158291,36.50578411,36.70712895,36.92017428,37.1534284,37.41781378,37.64941332,37.90999431,38.17618,38.51183305,38.91554118,39.33013771,39.75515946,40.13364289,40.47647802,40.8318426,41.18982871,41.55393267,41.92086473,42.28779246,42.64445883,43.00390938,43.37202778,43.73668663,44.09527832,44.45685068,44.81722276,45.17462044,45.53720498,45.90612068,46.27746966,46.65785772,47.10304512,47.59262271,48.08397565,48.58293437,49.08808552,49.58831484,50.08189439,50.5883993,51.08700861,51.57629375,52.02172473,52.46084152,52.90809299,53.36349001,53.82580719,54.28428705,54.73679896,55.18523673,55.62791053,56.06175414,56.47651162,56.89907953
